<?xml version="1.0" encoding="UTF-8" ?>
<!DOCTYPE mapper PUBLIC "-//mybatis.org//DTD Mapper 3.0//EN" "http://mybatis.org/dtd/mybatis-3-mapper.dtd" >
<mapper namespace="cn.xt.core.dao.BlogDao">

   
    <sql id="columns">
		id,
		title,
		content_type,
		original,
		html,
		text,
		create_time,
		create_by,
		update_time,
		update_by,
		state
    </sql>

    <resultMap id="queryResultMap" type="cn.xt.core.model.Blog">
		<result column="id" property="id" jdbcType="BIGINT"/>
		<result column="title" property="title" jdbcType="VARCHAR"/>
		<result column="content_type" property="contentType" jdbcType="TINYINT" typeHandler="com.centnet.base.dao.typehandler.NameCodeEnumHandler"/>
		<result column="original" property="original" jdbcType="VARCHAR"/>
		<result column="html" property="html" jdbcType="VARCHAR"/>
		<result column="text" property="text" jdbcType="VARCHAR"/>
		<result column="create_time" property="createTime" jdbcType="TIMESTAMP"/>
		<result column="create_by" property="createBy" jdbcType="BIGINT"/>
		<result column="update_time" property="updateTime" jdbcType="TIMESTAMP"/>
		<result column="update_by" property="updateBy" jdbcType="BIGINT"/>
		<result column="state" property="state" jdbcType="TINYINT" typeHandler="com.centnet.base.dao.typehandler.NameCodeEnumHandler"/>
    </resultMap>

    <insert id="insert" parameterType="cn.xt.core.model.Blog" keyProperty="id" keyColumn="id" useGeneratedKeys="true">
    	INSERT INTO blog(
     		title,
     		content_type,
     		original,
     		html,
     		text,
     		create_time,
     		create_by,
     		update_time,
     		update_by,
     		state
    	)
    	VALUES (
            #{title,jdbcType=VARCHAR},
            #{contentType,jdbcType=TINYINT,typeHandler=com.centnet.base.dao.typehandler.NameCodeEnumHandler},
            #{original,jdbcType=VARCHAR},
            #{html,jdbcType=VARCHAR},
            #{text,jdbcType=VARCHAR},
            now(),
            #{createBy,jdbcType=BIGINT},
            #{updateTime,jdbcType=TIMESTAMP},
            #{updateBy,jdbcType=BIGINT},
            #{state,jdbcType=TINYINT,typeHandler=com.centnet.base.dao.typehandler.NameCodeEnumHandler}
    	)
    </insert>


    <update id="update" parameterType="cn.xt.core.model.Blog">
        UPDATE blog
        <set>
            <if test="title != null">
            title=#{title,jdbcType=VARCHAR},
            </if>
            <if test="contentType != null">
            content_type=#{contentType,jdbcType=TINYINT,typeHandler=com.centnet.base.dao.typehandler.NameCodeEnumHandler},
            </if>
            <if test="original != null">
            original=#{original,jdbcType=VARCHAR},
            </if>
            <if test="html != null">
            html=#{html,jdbcType=VARCHAR},
            </if>
            <if test="text != null">
            text=#{text,jdbcType=VARCHAR},
            </if>
            <if test="createBy != null">
            create_by=#{createBy,jdbcType=BIGINT},
            </if>
            <if test="updateTime != null">
            update_time=now(),
            </if>
            <if test="updateBy != null">
            update_by=#{updateBy,jdbcType=BIGINT},
            </if>
            <if test="state != null">
            state=#{state,jdbcType=TINYINT,typeHandler=com.centnet.base.dao.typehandler.NameCodeEnumHandler}
            </if>
        </set>
        WHERE id = #{id,jdbcType=BIGINT}
    </update>

    <select id="findPage" parameterType="cn.xt.core.model.Blog" resultMap="queryResultMap">
        SELECT
        <include refid="columns"/>
        from blog
    </select>


    <select id="findById" resultMap="queryResultMap">
        SELECT
        <include refid="columns"/>
        FROM blog
        WHERE id = #{id}
    </select>
    
    <delete id="delete">
        DELETE FROM blog 
        WHERE id=#{id}
    </delete>
    
    <delete id="batchDelete" >
    	delete from blog
        where id in <foreach collection="ids" open="(" close=")" item="item" separator=",">#{item}</foreach>
    </delete>

</mapper>